id,pos_list
lcl|TRINITY_DN2685_c1_g1_i6:30-239,"[104, 119, 34, 37, 134, 160, 86, 38, 113, 29, 59, 162, 185, 199, 151, 51, 49, 140, 90, 82, 96, 84, 87, 33, 132, 156, 106, 99, 95, 42]"
lcl|TRINITY_DN280_c0_g1_i7:552-1952,"[752, 731, 441, 838, 749, 557, 65, 68, 780]"
lcl|TRINITY_DN20245_c0_g1_i3:c828-601,"[24, 68]"
lcl|TRINITY_DN9874_c0_g2_i22:473-736,[185]
lcl|TRINITY_DN22460_c0_g1_i1:c268-155,"[29, 26, 69, 81]"
lcl|TRINITY_DN102890_c0_g1_i1:42-200,"[110, 111]"
lcl|TRINITY_DN20245_c0_g1_i2:c828-601,"[24, 68]"
lcl|TRINITY_DN14056_c0_g1_i1:c6082-5882,[27]
lcl|TRINITY_DN29248_c0_g1_i1:c294-1,[157]
lcl|TRINITY_DN149937_c0_g1_i1:c292-179,"[4, 94]"
lcl|TRINITY_DN9874_c0_g2_i16:243-434,"[111, 115, 116, 117, 121, 125, 128, 131, 136]"
